{
  "project_info": {
    "project_number": "711720534930",
    "project_id": "discalcmathtcc",
    "storage_bucket": "discalcmathtcc.appspot.com"
  },
  "client": [
    {
      "client_info": {
        "mobilesdk_app_id": "1:711720534930:android:821399d05dc7081660774b",
        "android_client_info": {
          "package_name": "br.com.marconi.discalcmath"
        }
      },
      "oauth_client": [
        {
          "client_id": "711720534930-5covcrb40d1pnc0j9q40edba54ie4rk4.apps.googleusercontent.com",
          "client_type": 3
        }
      ],
      "api_key": [
        {
          "current_key": "AIzaSyAa1l0rnnbFzWkakwNu2U7cW_-u6LzEYLo"
        }
      ],
      "services": {
        "appinvite_service": {
          "other_platform_oauth_client": [
            {
              "client_id": "711720534930-5covcrb40d1pnc0j9q40edba54ie4rk4.apps.googleusercontent.com",
              "client_type": 3
            }
          ]
        }
      }
    }
  ],
  "configuration_version": "1"
}